-- INSERT USERS

INSERT INTO users (id, name, email, password) VALUES (1, 'Kelby Jemison', 'kjemison0@google.com.au', 'pzmuOOE');
INSERT INTO users (id, name, email, password) VALUES (2, 'Lynnea Van der Veldt', 'lvan1@wired.com', 'RfsSUBVA1uwG');
INSERT INTO users (id, name, email, password) VALUES (3, 'Vasili Langmuir', 'vlangmuir2@ovh.net', 'hbQF0o');
INSERT INTO users (id, name, email, password) VALUES (4, 'Alford Oldknowe', 'aoldknowe3@miitbeian.gov.cn', 'ZWZB84');
INSERT INTO users (id, name, email, password) VALUES (5, 'Tam Khristoforov', 'tkhristoforov4@acquirethisname.com', 'mbCXZSN');
INSERT INTO users (id, name, email, password) VALUES (6, 'Janka Grinaugh', 'jgrinaugh5@vistaprint.com', 'lVtI01I');
INSERT INTO users (id, name, email, password) VALUES (7, 'Miranda Goulbourn', 'mgoulbourn6@amazon.com', 'DXdHa8YcjNgB');
INSERT INTO users (id, name, email, password) VALUES (8, 'Alikee Plewright', 'aplewright7@liveinternet.ru', 'fsoxi51');
INSERT INTO users (id, name, email, password) VALUES (9, 'Tamqrah Lathe', 'tlathe8@reuters.com', '1rTCe3cw');
INSERT INTO users (id, name, email, password) VALUES (10, 'Lockwood Booty', 'lbooty9@fda.gov', 'tmr4XFCfJ1VC');
INSERT INTO users (id, name, email, password) VALUES (11, 'Tabbitha Hartwell', 'thartwella@ucsd.edu', '1IEcpQ4');
INSERT INTO users (id, name, email, password) VALUES (12, 'Elizabeth Kilfoyle', 'ekilfoyleb@blogspot.com', '0l5ibBhPVwTi');
INSERT INTO users (id, name, email, password) VALUES (13, 'Leopold Whitsun', 'lwhitsunc@pen.io', 'BDwJYi0ZNpDQ');
INSERT INTO users (id, name, email, password) VALUES (14, 'Roxana Flatman', 'rflatmand@archive.org', 'b3wNAGiWW');
INSERT INTO users (id, name, email, password) VALUES (15, 'Rab Illingworth', 'rillingworthe@bravesites.com', 'Kxe495jLJS0');
INSERT INTO users (id, name, email, password) VALUES (16, 'Helge Cosby', 'hcosbyf@bloglines.com', 'dt6c37Ep67U');
INSERT INTO users (id, name, email, password) VALUES (17, 'Tanitansy Janiszewski', 'tjaniszewskig@cornell.edu', 'EbjdXdX');
INSERT INTO users (id, name, email, password) VALUES (18, 'Gertruda Cruce', 'gcruceh@whitehouse.gov', 'MgPxJE');
INSERT INTO users (id, name, email, password) VALUES (19, 'Brose Bonafacino', 'bbonafacinoi@miibeian.gov.cn', 'yrbGg8sOuZ');
INSERT INTO users (id, name, email, password) VALUES (20, 'Elayne De Paepe', 'edej@chron.com', 'a57UB0');
INSERT INTO users (id, name, email, password) VALUES (21, 'Nonna Stubbert', 'nstubbertk@sina.com.cn', 'E0HiOstFfu');
INSERT INTO users (id, name, email, password) VALUES (22, 'Fons Portchmouth', 'fportchmouthl@ask.com', 'Us0foyi');
INSERT INTO users (id, name, email, password) VALUES (23, 'Itch Aloigi', 'ialoigim@51.la', 'BiMRZKF');
INSERT INTO users (id, name, email, password) VALUES (24, 'Caressa Cawthera', 'ccawtheran@xrea.com', 'ZzQUOMJa4Soy');
INSERT INTO users (id, name, email, password) VALUES (25, 'Claudianus Hake', 'chakeo@umich.edu', 'BuRBwYCbwej');
INSERT INTO users (id, name, email, password) VALUES (26, 'Correna Larwood', 'clarwoodp@newsvine.com', 'omFnHcQlD6It');
INSERT INTO users (id, name, email, password) VALUES (27, 'Hurley Ordelt', 'hordeltq@rakuten.co.jp', 'LpErDwucjBh0');
INSERT INTO users (id, name, email, password) VALUES (28, 'Jamesy Spedding', 'jspeddingr@sun.com', '99fxOWR');
INSERT INTO users (id, name, email, password) VALUES (29, 'Tedra Keymar', 'tkeymars@weebly.com', 'otm8FI');
INSERT INTO users (id, name, email, password) VALUES (30, 'Dag Conor', 'dconort@stumbleupon.com', '4HJlUpACns');
INSERT INTO users (id, name, email, password) VALUES (31, 'Elsinore Cronin', 'ecroninu@cornell.edu', 'h0zpoGb');
INSERT INTO users (id, name, email, password) VALUES (32, 'Pate Deeks', 'pdeeksv@jiathis.com', 'fFImW7wCIr');
INSERT INTO users (id, name, email, password) VALUES (33, 'Harwell Biddiss', 'hbiddissw@baidu.com', 'ZVq9KmLF1i6O');
INSERT INTO users (id, name, email, password) VALUES (34, 'La verne Wartnaby', 'lvernex@biglobe.ne.jp', 'qhDuY5l');
INSERT INTO users (id, name, email, password) VALUES (35, 'Janette Koppe', 'jkoppey@vimeo.com', 'sOFaOFam');
INSERT INTO users (id, name, email, password) VALUES (36, 'Mellisa Rudall', 'mrudallz@typepad.com', 'PNI15njAsvYL');
INSERT INTO users (id, name, email, password) VALUES (37, 'Melisse Teresi', 'mteresi10@shop-pro.jp', 'gHDEJAe');
INSERT INTO users (id, name, email, password) VALUES (38, 'Hogan Wardlaw', 'hwardlaw11@sourceforge.net', 'lE8vy3vgP');
INSERT INTO users (id, name, email, password) VALUES (39, 'Flore Mallinder', 'fmallinder12@marriott.com', 'A2bwpA3jEI');
INSERT INTO users (id, name, email, password) VALUES (40, 'Elora Heiton', 'eheiton13@mozilla.com', 'q6N5ZvMC');
INSERT INTO users (id, name, email, password) VALUES (41, 'Giordano Bettington', 'gbettington14@hp.com', '1JJMCeZ');
INSERT INTO users (id, name, email, password) VALUES (42, 'Jeanine Yuryaev', 'jyuryaev15@infoseek.co.jp', 'rt2wrx');
INSERT INTO users (id, name, email, password) VALUES (43, 'Gonzalo Hartwell', 'ghartwell16@drupal.org', 'Er0sFVFFEq');
INSERT INTO users (id, name, email, password) VALUES (44, 'Greer Franciottoi', 'gfranciottoi17@topsy.com', 'x05BCb3n1wzj');
INSERT INTO users (id, name, email, password) VALUES (45, 'Bradly Tern', 'btern18@pagesperso-orange.fr', 'WaaRcGZ7uUK');
INSERT INTO users (id, name, email, password) VALUES (46, 'Chet Joynt', 'cjoynt19@nytimes.com', 'gth1pQjVxhQ');
INSERT INTO users (id, name, email, password) VALUES (47, 'Holly Hefner', 'hhefner1a@harvard.edu', '61YO4d');
INSERT INTO users (id, name, email, password) VALUES (48, 'Thelma Sweeny', 'tsweeny1b@google.pl', 'rPYURoY3');
INSERT INTO users (id, name, email, password) VALUES (49, 'Giles Govett', 'ggovett1c@deviantart.com', 'pZid0xbU');
INSERT INTO users (id, name, email, password) VALUES (50, 'Delbert Brisley', 'dbrisley1d@acquirethisname.com', 'IaPga7FZ');

-- INSERT CATEGORIES

INSERT INTO categories (title, icon, avatar) VALUES ('Arte', 'fas fa-paint-brush', '/img/cursos/category.jpg');
INSERT INTO categories (title, icon, avatar) VALUES ('Desarrollo', 'fas fa-code', '/img/cursos/category.jpg');
INSERT INTO categories (title, icon, avatar) VALUES ('Desarrollo Personal', 'fas fa-book-open', '/img/cursos/category.jpg');
INSERT INTO categories (title, icon, avatar) VALUES ('Diseño', 'fas fa-crop-alt', '/img/cursos/category.jpg');
INSERT INTO categories (title, icon, avatar) VALUES ('Fotografía', 'fas fa-camera', '/img/cursos/category.jpg');
INSERT INTO categories (title, icon, avatar) VALUES ('Informática', 'fas fa-desktop', '/img/cursos/category.jpg');
INSERT INTO categories (title, icon, avatar) VALUES ('Marketing', 'far fa-lightbulb', '/img/cursos/category.jpg');
INSERT INTO categories (title, icon, avatar) VALUES ('Negocios', 'fas fa-chart-bar', '/img/cursos/category.jpg');

-- INSERT PROGRAM

INSERT INTO programs (days, since_time, up_to_time, course_p_id) VALUES ('Lunes - Miércoles - Viernes', '08:00', '12:00',1 );
INSERT INTO programs (days, since_time, up_to_time, course_p_id) VALUES ('Lunes - Miércoles - Viernes', '13:00', '17:00',2 );
INSERT INTO programs (days, since_time, up_to_time, course_p_id) VALUES ('Lunes - Miércoles - Viernes', '18:00', '22:00',3 );
INSERT INTO programs (days, since_time, up_to_time, course_p_id) VALUES ('Martes - Jueves - Sábado', '08:00', '12:00',4 );
INSERT INTO programs (days, since_time, up_to_time, course_p_id) VALUES ('Martes - Jueves - Sábado', '13:00', '17:00',5 );
INSERT INTO programs (days, since_time, up_to_time, course_p_id) VALUES ('Martes - Jueves - Sábado', '18:00', '22:00',6 );
INSERT INTO programs (days, since_time, up_to_time, course_p_id) VALUES ('Lunes - Miércoles - Viernes', '08:00', '12:00',7 );
INSERT INTO programs (days, since_time, up_to_time, course_p_id) VALUES ('Lunes - Miércoles - Viernes', '13:00', '17:00',8 );
INSERT INTO programs (days, since_time, up_to_time, course_p_id) VALUES ('Lunes - Miércoles - Viernes', '18:00', '22:00',9 );
INSERT INTO programs (days, since_time, up_to_time, course_p_id) VALUES ('Martes - Jueves - Sábado', '08:00', '12:00',10 );
INSERT INTO programs (days, since_time, up_to_time, course_p_id) VALUES ('Martes - Jueves - Sábado', '13:00', '17:00',11 );
INSERT INTO programs (days, since_time, up_to_time, course_p_id) VALUES ('Martes - Jueves - Sábado', '18:00', '22:00',12 );
INSERT INTO programs (days, since_time, up_to_time, course_p_id) VALUES ('Lunes - Miércoles - Viernes', '08:00', '12:00',13 );
INSERT INTO programs (days, since_time, up_to_time, course_p_id) VALUES ('Lunes - Miércoles - Viernes', '13:00', '17:00',14 );
INSERT INTO programs (days, since_time, up_to_time, course_p_id) VALUES ('Lunes - Miércoles - Viernes', '18:00', '22:00',15 );
INSERT INTO programs (days, since_time, up_to_time, course_p_id) VALUES ('Martes - Jueves - Sábado', '08:00', '12:00',16 );
INSERT INTO programs (days, since_time, up_to_time, course_p_id) VALUES ('Martes - Jueves - Sábado', '13:00', '17:00',17 );
INSERT INTO programs (days, since_time, up_to_time, course_p_id) VALUES ('Martes - Jueves - Sábado', '18:00', '22:00',18 );
INSERT INTO programs (days, since_time, up_to_time, course_p_id) VALUES ('Lunes - Miércoles - Viernes', '08:00', '12:00',19 );
INSERT INTO programs (days, since_time, up_to_time, course_p_id) VALUES ('Lunes - Miércoles - Viernes', '13:00', '17:00',20 );
INSERT INTO programs (days, since_time, up_to_time, course_p_id) VALUES ('Lunes - Miércoles - Viernes', '18:00', '22:00',21 );
INSERT INTO programs (days, since_time, up_to_time, course_p_id) VALUES ('Martes - Jueves - Sábado', '08:00', '12:00',22 );
INSERT INTO programs (days, since_time, up_to_time, course_p_id) VALUES ('Martes - Jueves - Sábado', '13:00', '17:00',23 );
INSERT INTO programs (days, since_time, up_to_time, course_p_id) VALUES ('Martes - Jueves - Sábado', '18:00', '22:00',24 );


-- INSERT PROFESSORS

INSERT INTO professors (id, first_name, last_name, profession) VALUES (1, 'Nelly', 'Sotham', 'Physical Therapy Assistant');
INSERT INTO professors (id, first_name, last_name, profession) VALUES (2, 'George', 'Kleint', 'Nurse');
INSERT INTO professors (id, first_name, last_name, profession) VALUES (3, 'Nannie', 'McKennan', 'Staff Scientist');
INSERT INTO professors (id, first_name, last_name, profession) VALUES (4, 'Kelbee', 'Demeza', 'Librarian');
INSERT INTO professors (id, first_name, last_name, profession) VALUES (5, 'Ahmed', 'Branney', 'Operator');
INSERT INTO professors (id, first_name, last_name, profession) VALUES (6, 'Norah', 'Fenck', 'Computer Systems Analyst III');
INSERT INTO professors (id, first_name, last_name, profession) VALUES (7, 'Stefania', 'Poad', 'Geological Engineer');
INSERT INTO professors (id, first_name, last_name, profession) VALUES (8, 'Jayme', 'Stedson', 'Research Nurse');
INSERT INTO professors (id, first_name, last_name, profession) VALUES (9, 'Zerk', 'Adey', 'Media Manager III');
INSERT INTO professors (id, first_name, last_name, profession) VALUES (10, 'Josias', 'Felix', 'Help Desk Technician');
INSERT INTO professors (id, first_name, last_name, profession) VALUES (11, 'Orly', 'Crowson', 'Nuclear Power Engineer');
INSERT INTO professors (id, first_name, last_name, profession) VALUES (12, 'Boris', 'Badby', 'Help Desk Technician');
INSERT INTO professors (id, first_name, last_name, profession) VALUES (13, 'Kaylyn', 'Montel', 'Staff Scientist');
INSERT INTO professors (id, first_name, last_name, profession) VALUES (14, 'Ban', 'Ramble', 'VP Accounting');
INSERT INTO professors (id, first_name, last_name, profession) VALUES (15, 'Gabbey', 'Herley', 'Staff Accountant I');
INSERT INTO professors (id, first_name, last_name, profession) VALUES (16, 'Corabelle', 'Merrison', 'Environmental Tech');
INSERT INTO professors (id, first_name, last_name, profession) VALUES (17, 'Tallie', 'McInnery', 'Administrative Assistant III');
INSERT INTO professors (id, first_name, last_name, profession) VALUES (18, 'Gawen', 'Catonne', 'Executive Secretary');
INSERT INTO professors (id, first_name, last_name, profession) VALUES (19, 'Silvie', 'Handaside', 'Account Representative IV');
INSERT INTO professors (id, first_name, last_name, profession) VALUES (20, 'Aidan', 'Whitmarsh', 'Automation Specialist III');

-- INSERT COURSES

INSERT INTO courses (name, price, starts_date, ends_date, image, vacancies, outstanding, description_short, description_full, category_id, professor_id) VALUES ('Instrumentos', 100, '2020-07-15', '2020-11-25', '/img/cursos/curso.jpg', 25, 0, 'Lorem ipsum dolor, sit amet consectetur adipisicing elit. In, perferendis?', 'Lorem ipsum dolor, sit amet consectetur adipisicing elit. Atque culpa quisquam similique saepe accusamus velit laboriosam sed dicta, enim neque! Lorem ipsum dolor, sit amet consectetur adipisicing elit. Atque culpa quisquam similique saepe accusamus velit laboriosam sed dicta, enim neque! Lorem ipsum dolor, sit amet consectetur adipisicing elit. Atque culpa quisquam similique saepe accusamus velit laboriosam sed dicta, enim neque! Lorem ipsum dolor, sit amet consectetur adipisicing elit. Atque culpa quisquam similique saepe accusamus velit laboriosam sed dicta, enim neque! Lorem ipsum dolor, sit amet consectetur adipisicing elit. Atque culpa quisquam similique saepe accusamus velit laboriosam sed dicta, enim neque!', 1, 1);
INSERT INTO courses (name, price, starts_date, ends_date, image, vacancies, outstanding, description_short, description_full, category_id, professor_id) VALUES ('Música', 115, '2020-07-15', '2020-11-25', '/img/cursos/curso.jpg', 25, 0, 'Lorem ipsum dolor, sit amet consectetur adipisicing elit. In, perferendis?', 'Lorem ipsum dolor, sit amet consectetur adipisicing elit. Atque culpa quisquam similique saepe accusamus velit laboriosam sed dicta, enim neque! Lorem ipsum dolor, sit amet consectetur adipisicing elit. Atque culpa quisquam similique saepe accusamus velit laboriosam sed dicta, enim neque! Lorem ipsum dolor, sit amet consectetur adipisicing elit. Atque culpa quisquam similique saepe accusamus velit laboriosam sed dicta, enim neque! Lorem ipsum dolor, sit amet consectetur adipisicing elit. Atque culpa quisquam similique saepe accusamus velit laboriosam sed dicta, enim neque! Lorem ipsum dolor, sit amet consectetur adipisicing elit. Atque culpa quisquam similique saepe accusamus velit laboriosam sed dicta, enim neque!', 1, 2);
INSERT INTO courses (name, price, starts_date, ends_date, image, vacancies, outstanding, description_short, description_full, category_id, professor_id) VALUES ('Producción', 120, '2020-07-15', '2020-11-25', '/img/cursos/curso.jpg', 25, 0, 'Lorem ipsum dolor, sit amet consectetur adipisicing elit. In, perferendis?', 'Lorem ipsum dolor, sit amet consectetur adipisicing elit. Atque culpa quisquam similique saepe accusamus velit laboriosam sed dicta, enim neque! Lorem ipsum dolor, sit amet consectetur adipisicing elit. Atque culpa quisquam similique saepe accusamus velit laboriosam sed dicta, enim neque! Lorem ipsum dolor, sit amet consectetur adipisicing elit. Atque culpa quisquam similique saepe accusamus velit laboriosam sed dicta, enim neque! Lorem ipsum dolor, sit amet consectetur adipisicing elit. Atque culpa quisquam similique saepe accusamus velit laboriosam sed dicta, enim neque! Lorem ipsum dolor, sit amet consectetur adipisicing elit. Atque culpa quisquam similique saepe accusamus velit laboriosam sed dicta, enim neque!', 1, 3);
INSERT INTO courses (name, price, starts_date, ends_date, image, vacancies, outstanding, description_short, description_full, category_id, professor_id) VALUES ('Apps Móviles', 100, '2020-06-23', '2020-10-24', '/img/cursos/curso.jpg', 25, 0, 'Lorem ipsum dolor, sit amet consectetur adipisicing elit. In, perferendis?', 'Lorem ipsum dolor, sit amet consectetur adipisicing elit. Atque culpa quisquam similique saepe accusamus velit laboriosam sed dicta, enim neque! Lorem ipsum dolor, sit amet consectetur adipisicing elit. Atque culpa quisquam similique saepe accusamus velit laboriosam sed dicta, enim neque! Lorem ipsum dolor, sit amet consectetur adipisicing elit. Atque culpa quisquam similique saepe accusamus velit laboriosam sed dicta, enim neque! Lorem ipsum dolor, sit amet consectetur adipisicing elit. Atque culpa quisquam similique saepe accusamus velit laboriosam sed dicta, enim neque! Lorem ipsum dolor, sit amet consectetur adipisicing elit. Atque culpa quisquam similique saepe accusamus velit laboriosam sed dicta, enim neque!', 2, 4);
INSERT INTO courses (name, price, starts_date, ends_date, image, vacancies, outstanding, description_short, description_full, category_id, professor_id) VALUES ('Base de Datos', 115, '2020-06-23', '2020-10-24', '/img/cursos/curso.jpg', 25, 0, 'Lorem ipsum dolor, sit amet consectetur adipisicing elit. In, perferendis?', 'Lorem ipsum dolor, sit amet consectetur adipisicing elit. Atque culpa quisquam similique saepe accusamus velit laboriosam sed dicta, enim neque! Lorem ipsum dolor, sit amet consectetur adipisicing elit. Atque culpa quisquam similique saepe accusamus velit laboriosam sed dicta, enim neque! Lorem ipsum dolor, sit amet consectetur adipisicing elit. Atque culpa quisquam similique saepe accusamus velit laboriosam sed dicta, enim neque! Lorem ipsum dolor, sit amet consectetur adipisicing elit. Atque culpa quisquam similique saepe accusamus velit laboriosam sed dicta, enim neque! Lorem ipsum dolor, sit amet consectetur adipisicing elit. Atque culpa quisquam similique saepe accusamus velit laboriosam sed dicta, enim neque!', 2, 5);
INSERT INTO courses (name, price, starts_date, ends_date, image, vacancies, outstanding, description_short, description_full, category_id, professor_id) VALUES ('Desarrollo Web', 120, '2020-06-23', '2020-10-24', '/img/cursos/curso.jpg', 25, 1, 'Lorem ipsum dolor, sit amet consectetur adipisicing elit. In, perferendis?', 'Lorem ipsum dolor, sit amet consectetur adipisicing elit. Atque culpa quisquam similique saepe accusamus velit laboriosam sed dicta, enim neque! Lorem ipsum dolor, sit amet consectetur adipisicing elit. Atque culpa quisquam similique saepe accusamus velit laboriosam sed dicta, enim neque! Lorem ipsum dolor, sit amet consectetur adipisicing elit. Atque culpa quisquam similique saepe accusamus velit laboriosam sed dicta, enim neque! Lorem ipsum dolor, sit amet consectetur adipisicing elit. Atque culpa quisquam similique saepe accusamus velit laboriosam sed dicta, enim neque! Lorem ipsum dolor, sit amet consectetur adipisicing elit. Atque culpa quisquam similique saepe accusamus velit laboriosam sed dicta, enim neque!', 2, 6);
INSERT INTO courses (name, price, starts_date, ends_date, image, vacancies, outstanding, description_short, description_full, category_id, professor_id) VALUES ('Influencia', 100, '2020-07-15', '2020-11-25', '/img/cursos/curso.jpg', 25, 0, 'Lorem ipsum dolor, sit amet consectetur adipisicing elit. In, perferendis?', 'Lorem ipsum dolor, sit amet consectetur adipisicing elit. Atque culpa quisquam similique saepe accusamus velit laboriosam sed dicta, enim neque! Lorem ipsum dolor, sit amet consectetur adipisicing elit. Atque culpa quisquam similique saepe accusamus velit laboriosam sed dicta, enim neque! Lorem ipsum dolor, sit amet consectetur adipisicing elit. Atque culpa quisquam similique saepe accusamus velit laboriosam sed dicta, enim neque! Lorem ipsum dolor, sit amet consectetur adipisicing elit. Atque culpa quisquam similique saepe accusamus velit laboriosam sed dicta, enim neque! Lorem ipsum dolor, sit amet consectetur adipisicing elit. Atque culpa quisquam similique saepe accusamus velit laboriosam sed dicta, enim neque!', 3, 7);
INSERT INTO courses (name, price, starts_date, ends_date, image, vacancies, outstanding, description_short, description_full, category_id, professor_id) VALUES ('Liderazgo', 115, '2020-07-15', '2020-11-25', '/img/cursos/curso.jpg', 25, 0, 'Lorem ipsum dolor, sit amet consectetur adipisicing elit. In, perferendis?', 'Lorem ipsum dolor, sit amet consectetur adipisicing elit. Atque culpa quisquam similique saepe accusamus velit laboriosam sed dicta, enim neque! Lorem ipsum dolor, sit amet consectetur adipisicing elit. Atque culpa quisquam similique saepe accusamus velit laboriosam sed dicta, enim neque! Lorem ipsum dolor, sit amet consectetur adipisicing elit. Atque culpa quisquam similique saepe accusamus velit laboriosam sed dicta, enim neque! Lorem ipsum dolor, sit amet consectetur adipisicing elit. Atque culpa quisquam similique saepe accusamus velit laboriosam sed dicta, enim neque! Lorem ipsum dolor, sit amet consectetur adipisicing elit. Atque culpa quisquam similique saepe accusamus velit laboriosam sed dicta, enim neque!', 3, 8);
INSERT INTO courses (name, price, starts_date, ends_date, image, vacancies, outstanding, description_short, description_full, category_id, professor_id) VALUES ('Productividad', 120, '2020-07-15', '2020-11-25', '/img/cursos/curso.jpg', 25, 0, 'Lorem ipsum dolor, sit amet consectetur adipisicing elit. In, perferendis?', 'Lorem ipsum dolor, sit amet consectetur adipisicing elit. Atque culpa quisquam similique saepe accusamus velit laboriosam sed dicta, enim neque! Lorem ipsum dolor, sit amet consectetur adipisicing elit. Atque culpa quisquam similique saepe accusamus velit laboriosam sed dicta, enim neque! Lorem ipsum dolor, sit amet consectetur adipisicing elit. Atque culpa quisquam similique saepe accusamus velit laboriosam sed dicta, enim neque! Lorem ipsum dolor, sit amet consectetur adipisicing elit. Atque culpa quisquam similique saepe accusamus velit laboriosam sed dicta, enim neque! Lorem ipsum dolor, sit amet consectetur adipisicing elit. Atque culpa quisquam similique saepe accusamus velit laboriosam sed dicta, enim neque!', 3, 9);
INSERT INTO courses (name, price, starts_date, ends_date, image, vacancies, outstanding, description_short, description_full, category_id, professor_id) VALUES ('3D y animación', 100, '2020-06-23', '2020-10-24', '/img/cursos/curso.jpg', 25, 0, 'Lorem ipsum dolor, sit amet consectetur adipisicing elit. In, perferendis?', 'Lorem ipsum dolor, sit amet consectetur adipisicing elit. Atque culpa quisquam similique saepe accusamus velit laboriosam sed dicta, enim neque! Lorem ipsum dolor, sit amet consectetur adipisicing elit. Atque culpa quisquam similique saepe accusamus velit laboriosam sed dicta, enim neque! Lorem ipsum dolor, sit amet consectetur adipisicing elit. Atque culpa quisquam similique saepe accusamus velit laboriosam sed dicta, enim neque! Lorem ipsum dolor, sit amet consectetur adipisicing elit. Atque culpa quisquam similique saepe accusamus velit laboriosam sed dicta, enim neque! Lorem ipsum dolor, sit amet consectetur adipisicing elit. Atque culpa quisquam similique saepe accusamus velit laboriosam sed dicta, enim neque!', 4, 10);
INSERT INTO courses (name, price, starts_date, ends_date, image, vacancies, outstanding, description_short, description_full, category_id, professor_id) VALUES ('Diseño Gráfico', 115, '2020-06-23', '2020-10-24', '/img/cursos/curso.jpg', 25, 0, 'Lorem ipsum dolor, sit amet consectetur adipisicing elit. In, perferendis?', 'Lorem ipsum dolor, sit amet consectetur adipisicing elit. Atque culpa quisquam similique saepe accusamus velit laboriosam sed dicta, enim neque! Lorem ipsum dolor, sit amet consectetur adipisicing elit. Atque culpa quisquam similique saepe accusamus velit laboriosam sed dicta, enim neque! Lorem ipsum dolor, sit amet consectetur adipisicing elit. Atque culpa quisquam similique saepe accusamus velit laboriosam sed dicta, enim neque! Lorem ipsum dolor, sit amet consectetur adipisicing elit. Atque culpa quisquam similique saepe accusamus velit laboriosam sed dicta, enim neque! Lorem ipsum dolor, sit amet consectetur adipisicing elit. Atque culpa quisquam similique saepe accusamus velit laboriosam sed dicta, enim neque!', 4, 11);
INSERT INTO courses (name, price, starts_date, ends_date, image, vacancies, outstanding, description_short, description_full, category_id, professor_id) VALUES ('Diseño Web', 120, '2020-06-23', '2020-10-24', '/img/cursos/curso.jpg', 25, 1, 'Lorem ipsum dolor, sit amet consectetur adipisicing elit. In, perferendis?', 'Lorem ipsum dolor, sit amet consectetur adipisicing elit. Atque culpa quisquam similique saepe accusamus velit laboriosam sed dicta, enim neque! Lorem ipsum dolor, sit amet consectetur adipisicing elit. Atque culpa quisquam similique saepe accusamus velit laboriosam sed dicta, enim neque! Lorem ipsum dolor, sit amet consectetur adipisicing elit. Atque culpa quisquam similique saepe accusamus velit laboriosam sed dicta, enim neque! Lorem ipsum dolor, sit amet consectetur adipisicing elit. Atque culpa quisquam similique saepe accusamus velit laboriosam sed dicta, enim neque! Lorem ipsum dolor, sit amet consectetur adipisicing elit. Atque culpa quisquam similique saepe accusamus velit laboriosam sed dicta, enim neque!', 4, 12);
INSERT INTO courses (name, price, starts_date, ends_date, image, vacancies, outstanding, description_short, description_full, category_id, professor_id) VALUES ('Diseño de Videos', 100, '2020-07-15', '2020-11-25', '/img/cursos/curso.jpg', 25, 0, 'Lorem ipsum dolor, sit amet consectetur adipisicing elit. In, perferendis?', 'Lorem ipsum dolor, sit amet consectetur adipisicing elit. Atque culpa quisquam similique saepe accusamus velit laboriosam sed dicta, enim neque! Lorem ipsum dolor, sit amet consectetur adipisicing elit. Atque culpa quisquam similique saepe accusamus velit laboriosam sed dicta, enim neque! Lorem ipsum dolor, sit amet consectetur adipisicing elit. Atque culpa quisquam similique saepe accusamus velit laboriosam sed dicta, enim neque! Lorem ipsum dolor, sit amet consectetur adipisicing elit. Atque culpa quisquam similique saepe accusamus velit laboriosam sed dicta, enim neque! Lorem ipsum dolor, sit amet consectetur adipisicing elit. Atque culpa quisquam similique saepe accusamus velit laboriosam sed dicta, enim neque!', 5, 13);
INSERT INTO courses (name, price, starts_date, ends_date, image, vacancies, outstanding, description_short, description_full, category_id, professor_id) VALUES ('Fundamentos de Fotografía', 115, '2020-07-15', '2020-11-25', '/img/cursos/curso.jpg', 25, 0, 'Lorem ipsum dolor, sit amet consectetur adipisicing elit. In, perferendis?', 'Lorem ipsum dolor, sit amet consectetur adipisicing elit. Atque culpa quisquam similique saepe accusamus velit laboriosam sed dicta, enim neque! Lorem ipsum dolor, sit amet consectetur adipisicing elit. Atque culpa quisquam similique saepe accusamus velit laboriosam sed dicta, enim neque! Lorem ipsum dolor, sit amet consectetur adipisicing elit. Atque culpa quisquam similique saepe accusamus velit laboriosam sed dicta, enim neque! Lorem ipsum dolor, sit amet consectetur adipisicing elit. Atque culpa quisquam similique saepe accusamus velit laboriosam sed dicta, enim neque! Lorem ipsum dolor, sit amet consectetur adipisicing elit. Atque culpa quisquam similique saepe accusamus velit laboriosam sed dicta, enim neque!', 5, 14);
INSERT INTO courses (name, price, starts_date, ends_date, image, vacancies, outstanding, description_short, description_full, category_id, professor_id) VALUES ('Retratos', 120, '2020-06-23', '2020-10-24', '/img/cursos/curso.jpg', 25, 0, 'Lorem ipsum dolor, sit amet consectetur adipisicing elit. In, perferendis?', 'Lorem ipsum dolor, sit amet consectetur adipisicing elit. Atque culpa quisquam similique saepe accusamus velit laboriosam sed dicta, enim neque! Lorem ipsum dolor, sit amet consectetur adipisicing elit. Atque culpa quisquam similique saepe accusamus velit laboriosam sed dicta, enim neque! Lorem ipsum dolor, sit amet consectetur adipisicing elit. Atque culpa quisquam similique saepe accusamus velit laboriosam sed dicta, enim neque! Lorem ipsum dolor, sit amet consectetur adipisicing elit. Atque culpa quisquam similique saepe accusamus velit laboriosam sed dicta, enim neque! Lorem ipsum dolor, sit amet consectetur adipisicing elit. Atque culpa quisquam similique saepe accusamus velit laboriosam sed dicta, enim neque!', 5, 5);
INSERT INTO courses (name, price, starts_date, ends_date, image, vacancies, outstanding, description_short, description_full, category_id, professor_id) VALUES ('Hardware', 100, '2020-07-15', '2020-11-25', '/img/cursos/curso.jpg', 25, 0, 'Lorem ipsum dolor, sit amet consectetur adipisicing elit. In, perferendis?', 'Lorem ipsum dolor, sit amet consectetur adipisicing elit. Atque culpa quisquam similique saepe accusamus velit laboriosam sed dicta, enim neque! Lorem ipsum dolor, sit amet consectetur adipisicing elit. Atque culpa quisquam similique saepe accusamus velit laboriosam sed dicta, enim neque! Lorem ipsum dolor, sit amet consectetur adipisicing elit. Atque culpa quisquam similique saepe accusamus velit laboriosam sed dicta, enim neque! Lorem ipsum dolor, sit amet consectetur adipisicing elit. Atque culpa quisquam similique saepe accusamus velit laboriosam sed dicta, enim neque! Lorem ipsum dolor, sit amet consectetur adipisicing elit. Atque culpa quisquam similique saepe accusamus velit laboriosam sed dicta, enim neque!', 6, 16);
INSERT INTO courses (name, price, starts_date, ends_date, image, vacancies, outstanding, description_short, description_full, category_id, professor_id) VALUES ('Redes y Seguridad', 115, '2020-06-23', '2020-10-24', '/img/cursos/curso.jpg', 25, 0, 'Lorem ipsum dolor, sit amet consectetur adipisicing elit. In, perferendis?', 'Lorem ipsum dolor, sit amet consectetur adipisicing elit. Atque culpa quisquam similique saepe accusamus velit laboriosam sed dicta, enim neque! Lorem ipsum dolor, sit amet consectetur adipisicing elit. Atque culpa quisquam similique saepe accusamus velit laboriosam sed dicta, enim neque! Lorem ipsum dolor, sit amet consectetur adipisicing elit. Atque culpa quisquam similique saepe accusamus velit laboriosam sed dicta, enim neque! Lorem ipsum dolor, sit amet consectetur adipisicing elit. Atque culpa quisquam similique saepe accusamus velit laboriosam sed dicta, enim neque! Lorem ipsum dolor, sit amet consectetur adipisicing elit. Atque culpa quisquam similique saepe accusamus velit laboriosam sed dicta, enim neque!', 6, 17);
INSERT INTO courses (name, price, starts_date, ends_date, image, vacancies, outstanding, description_short, description_full, category_id, professor_id) VALUES ('Sistemas Operativos', 120, '2020-06-23', '2020-10-24', '/img/cursos/curso.jpg', 25, 1, 'Lorem ipsum dolor, sit amet consectetur adipisicing elit. In, perferendis?', 'Lorem ipsum dolor, sit amet consectetur adipisicing elit. Atque culpa quisquam similique saepe accusamus velit laboriosam sed dicta, enim neque! Lorem ipsum dolor, sit amet consectetur adipisicing elit. Atque culpa quisquam similique saepe accusamus velit laboriosam sed dicta, enim neque! Lorem ipsum dolor, sit amet consectetur adipisicing elit. Atque culpa quisquam similique saepe accusamus velit laboriosam sed dicta, enim neque! Lorem ipsum dolor, sit amet consectetur adipisicing elit. Atque culpa quisquam similique saepe accusamus velit laboriosam sed dicta, enim neque! Lorem ipsum dolor, sit amet consectetur adipisicing elit. Atque culpa quisquam similique saepe accusamus velit laboriosam sed dicta, enim neque!', 6, 18);
INSERT INTO courses (name, price, starts_date, ends_date, image, vacancies, outstanding, description_short, description_full, category_id, professor_id) VALUES ('Fundamentos de Marketing', 100, '2020-06-23', '2020-10-24', '/img/cursos/curso.jpg', 25, 0, 'Lorem ipsum dolor, sit amet consectetur adipisicing elit. In, perferendis?', 'Lorem ipsum dolor, sit amet consectetur adipisicing elit. Atque culpa quisquam similique saepe accusamus velit laboriosam sed dicta, enim neque! Lorem ipsum dolor, sit amet consectetur adipisicing elit. Atque culpa quisquam similique saepe accusamus velit laboriosam sed dicta, enim neque! Lorem ipsum dolor, sit amet consectetur adipisicing elit. Atque culpa quisquam similique saepe accusamus velit laboriosam sed dicta, enim neque! Lorem ipsum dolor, sit amet consectetur adipisicing elit. Atque culpa quisquam similique saepe accusamus velit laboriosam sed dicta, enim neque! Lorem ipsum dolor, sit amet consectetur adipisicing elit. Atque culpa quisquam similique saepe accusamus velit laboriosam sed dicta, enim neque!', 7, 19);
INSERT INTO courses (name, price, starts_date, ends_date, image, vacancies, outstanding, description_short, description_full, category_id, professor_id) VALUES ('Marketing Digital', 115, '2020-07-15', '2020-11-25', '/img/cursos/curso.jpg', 25, 0, 'Lorem ipsum dolor, sit amet consectetur adipisicing elit. In, perferendis?', 'Lorem ipsum dolor, sit amet consectetur adipisicing elit. Atque culpa quisquam similique saepe accusamus velit laboriosam sed dicta, enim neque! Lorem ipsum dolor, sit amet consectetur adipisicing elit. Atque culpa quisquam similique saepe accusamus velit laboriosam sed dicta, enim neque! Lorem ipsum dolor, sit amet consectetur adipisicing elit. Atque culpa quisquam similique saepe accusamus velit laboriosam sed dicta, enim neque! Lorem ipsum dolor, sit amet consectetur adipisicing elit. Atque culpa quisquam similique saepe accusamus velit laboriosam sed dicta, enim neque! Lorem ipsum dolor, sit amet consectetur adipisicing elit. Atque culpa quisquam similique saepe accusamus velit laboriosam sed dicta, enim neque!', 7, 20);
INSERT INTO courses (name, price, starts_date, ends_date, image, vacancies, outstanding, description_short, description_full, category_id, professor_id) VALUES ('Publicidad', 120, '2020-07-15', '2020-11-25', '/img/cursos/curso.jpg', 25, 0, 'Lorem ipsum dolor, sit amet consectetur adipisicing elit. In, perferendis?', 'Lorem ipsum dolor, sit amet consectetur adipisicing elit. Atque culpa quisquam similique saepe accusamus velit laboriosam sed dicta, enim neque! Lorem ipsum dolor, sit amet consectetur adipisicing elit. Atque culpa quisquam similique saepe accusamus velit laboriosam sed dicta, enim neque! Lorem ipsum dolor, sit amet consectetur adipisicing elit. Atque culpa quisquam similique saepe accusamus velit laboriosam sed dicta, enim neque! Lorem ipsum dolor, sit amet consectetur adipisicing elit. Atque culpa quisquam similique saepe accusamus velit laboriosam sed dicta, enim neque! Lorem ipsum dolor, sit amet consectetur adipisicing elit. Atque culpa quisquam similique saepe accusamus velit laboriosam sed dicta, enim neque!', 7, 1);
INSERT INTO courses (name, price, starts_date, ends_date, image, vacancies, outstanding, description_short, description_full, category_id, professor_id) VALUES ('Finanzas Personales', 100, '2020-07-15', '2020-11-25', '/img/cursos/curso.jpg', 25, 0, 'Lorem ipsum dolor, sit amet consectetur adipisicing elit. In, perferendis?', 'Lorem ipsum dolor, sit amet consectetur adipisicing elit. Atque culpa quisquam similique saepe accusamus velit laboriosam sed dicta, enim neque! Lorem ipsum dolor, sit amet consectetur adipisicing elit. Atque culpa quisquam similique saepe accusamus velit laboriosam sed dicta, enim neque! Lorem ipsum dolor, sit amet consectetur adipisicing elit. Atque culpa quisquam similique saepe accusamus velit laboriosam sed dicta, enim neque! Lorem ipsum dolor, sit amet consectetur adipisicing elit. Atque culpa quisquam similique saepe accusamus velit laboriosam sed dicta, enim neque! Lorem ipsum dolor, sit amet consectetur adipisicing elit. Atque culpa quisquam similique saepe accusamus velit laboriosam sed dicta, enim neque!', 8, 2);
INSERT INTO courses (name, price, starts_date, ends_date, image, vacancies, outstanding, description_short, description_full, category_id, professor_id) VALUES ('Finanzas Corporativas', 115, '2020-06-23', '2020-10-24', '/img/cursos/curso.jpg', 25, 0, 'Lorem ipsum dolor, sit amet consectetur adipisicing elit. In, perferendis?', 'Lorem ipsum dolor, sit amet consectetur adipisicing elit. Atque culpa quisquam similique saepe accusamus velit laboriosam sed dicta, enim neque! Lorem ipsum dolor, sit amet consectetur adipisicing elit. Atque culpa quisquam similique saepe accusamus velit laboriosam sed dicta, enim neque! Lorem ipsum dolor, sit amet consectetur adipisicing elit. Atque culpa quisquam similique saepe accusamus velit laboriosam sed dicta, enim neque! Lorem ipsum dolor, sit amet consectetur adipisicing elit. Atque culpa quisquam similique saepe accusamus velit laboriosam sed dicta, enim neque! Lorem ipsum dolor, sit amet consectetur adipisicing elit. Atque culpa quisquam similique saepe accusamus velit laboriosam sed dicta, enim neque!', 8, 3);
INSERT INTO courses (name, price, starts_date, ends_date, image, vacancies, outstanding, description_short, description_full, category_id, professor_id) VALUES ('Mercado de Capitales', 120, '2020-06-23', '2020-10-24', '/img/cursos/curso.jpg', 25, 1, 'Lorem ipsum dolor, sit amet consectetur adipisicing elit. In, perferendis?', 'Lorem ipsum dolor, sit amet consectetur adipisicing elit. Atque culpa quisquam similique saepe accusamus velit laboriosam sed dicta, enim neque! Lorem ipsum dolor, sit amet consectetur adipisicing elit. Atque culpa quisquam similique saepe accusamus velit laboriosam sed dicta, enim neque! Lorem ipsum dolor, sit amet consectetur adipisicing elit. Atque culpa quisquam similique saepe accusamus velit laboriosam sed dicta, enim neque! Lorem ipsum dolor, sit amet consectetur adipisicing elit. Atque culpa quisquam similique saepe accusamus velit laboriosam sed dicta, enim neque! Lorem ipsum dolor, sit amet consectetur adipisicing elit. Atque culpa quisquam similique saepe accusamus velit laboriosam sed dicta, enim neque!', 8, 4);



-- INSERT USER_COURSE

INSERT INTO user_course (users_id, courses_id) VALUES (1, 4);
INSERT INTO user_course (users_id, courses_id) VALUES (2, 5);
INSERT INTO user_course (users_id, courses_id) VALUES (3, 10);
INSERT INTO user_course (users_id, courses_id) VALUES (4, 20);
INSERT INTO user_course (users_id, courses_id) VALUES (5, 18);
INSERT INTO user_course (users_id, courses_id) VALUES (6, 12);
INSERT INTO user_course (users_id, courses_id) VALUES (7, 6);
INSERT INTO user_course (users_id, courses_id) VALUES (8, 7);
INSERT INTO user_course (users_id, courses_id) VALUES (9, 17);
INSERT INTO user_course (users_id, courses_id) VALUES (10, 14);

-- INSERT TIPS

INSERT INTO tips (title, description, icon) VALUES ('TIP 1', 'Lorem ipsum dolor sit amet consectetur, adipisicing elit. Asperiores, iure?', 'fas fa-clipboard-check');
INSERT INTO tips (title, description, icon) VALUES ('TIP 2', 'Lorem ipsum dolor sit amet consectetur, adipisicing elit. Asperiores, iure?', 'fas fa-clipboard-check');
INSERT INTO tips (title, description, icon) VALUES ('TIP 3', 'Lorem ipsum dolor sit amet consectetur, adipisicing elit. Asperiores, iure?', 'fas fa-clipboard-check');